epoch,acc,loss,val_acc,val_loss
0,0.98200263634,0.0574714832749,0.804833333333,1.18249212316
